;;;;;;;;;;;
Gain genes;;;;;;;;;;;
Gain genes are the part of DE genes uniquely identified in meta-analysis. These genes show relatively weak but consistent expression profile across;;;;;;;;;;;
different datasets. They benefit from more samples, thus more confidence to be declared as DE genes.;;;;;;;;;;;
BRCA1;AURKB;OIP5;TMX1;FAM168B;CCNB2;CCNI;C1GALT1C1;MRPL15;CCDC101;;
LDHA;SAR1B;LYRM1;CRIP2;TRAK2;C14orf132;STOM;PSMA2;SLC7A6;EMD;;
WSB2;PIK3IP1;GRM2;BARD1;MRPL13;UGP2;SH3PXD2A;SEC61B;RARS;RNF170;;
TGFBR2;MTDH;ARFGAP2;AMOT;GINS2;ZNF16;PTPLA;SPATA20;CYTH3;PLEKHM2;;
DLAT;RXRB;COMMD3;RASGRP2;EED;POLE2;USE1;H1F0;CPT2;ATP5H;;
BCL7C;EIF3H;RPA3;ACACB;RASAL2;ATP9B;MRPS15;CNNM3;DDX56;CD69;;
MRC2;ATF1;SESN1;FCER1A;MRPL40;CDC20;OBFC2A;PIP4K2B;KCNJ10;FAS;;
RPL37;NR3C2;C11orf73;OSGEP;HJURP;THOC7;GPX4;ICT1;SEP15;PHTF1;;
TTK;MED9;RFK;GLRX2;CD1B;CD58;TMEM134;KCNN4;NDUFAB1;PHC1;;
PGAP2;PSORS1C1;SIPA1;TPM3;VAMP4;INSL3;POGK;CTBS;ACP2;ERP44;;
SLC27A5;RBMX;EDEM3;EIF3B;CD164;CENPA;PSMG1;CENPM;SQRDL;SUZ12;;
NDUFA4;STK3;TRAPPC6A;SH3BP4;MCTS1;HIGD1A;KRT18;SSR1;DHX9;LILRA4;;
EIF3G;LRRC23;CCR9;ATP2C1;PSMD14;SCMH1;ABHD11;RBCK1;CDKN3;FHL1;;
RPL26L1;CAPZA2;;;;;;;;;;
