Genes differentially expressed among different studies (Pval<0.05);;;;;;;;;
Genes labeled with an asterisk were not over-expressed or under-expressed in all diseases ;;;;;;;;;
;;;;;;;;;
;;;;;;;;;
Over-expressed genes;;;;;;Down-expressed genes;;;
EntrezID;Name;CombinedES;Pval;;;EntrezID;Name;CombinedES;Pval
55008;HERC6;0,84628;6,03E-08;;;8665;EIF3F;-0,82378;1,16E-07
64108;RTP4;0,85478;6,03E-08;;;51754;TMEM8B;-0,74;4,38E-06
23586;DDX58;0,80912;1,78E-07;;;54946;SLC41A3;-0,79416;2,29E-05
55133;SRBD1;0,72615;6,81E-06;;;1975;EIF4B;-0,65968;7,88E-05
5698;PSMB9;0,84276;4,11E-05;;;56997;ADCK3;-0,65021;8,94E-05
4494;MT1F;0,65891;7,88E-05;;;65108;MARCKSL1;-0,72438;0,00022444
8819;SAP30;0,66027;7,88E-05;;;8857;FCGBP;-0,62061;0,00022444
10791;VAMP5;0,65409;8,21E-05;;;6159;RPL29;-0,63489;0,00022492
890;CCNA2;0,65302;0,00010903;;;9743;ARHGAP32;-0,8507;0,00022499
64343;AZI2;0,63881;0,00018781;;;10594;PRPF8;-0,61675;0,00023694
4493;MT1E;0,70228;0,00019537;;;3615;IMPDH2;-0,60311;0,00035038
57102;C12orf4;0,6025;0,00035038;;;10949;HNRNPA0;-0,60263;0,00035038
54676;GTPBP2;0,59766;0,00035784;;;6191;RPS4X;-0,59705;0,00039679
9447;AIM2;0,60097;0,00035784;;;738;C11orf2;-1,0293;0,00043846
672;BRCA1;0,60683;0,00035784;;;130074;FAM168B;-0,57482;0,00070526
11177;BAZ1A;0,64438;0,00035784;;;93210;PGAP3;-0,59069;0,00075858
56913;C1GALT1;0,71059;0,00043846;;;949;SCARB1;-0,56825;0,00081687
9212;AURKB;0,5907;0,00045104;;;5094;PCBP2;-0,56784;0,00081687
11339;OIP5;0,58794;0,00050184;;;55147;RBM23;-0,56102;0,00098555
51371;POMP;0,5794;0,00064539;;;58500;ZNF250;-0,559;0,00099526
81542;TMX1;0,57707;0,00068507;;;10983;CCNI;-0,55312;0,0011331
10906;TRAFD1;0,92208;0,00070526;;;55450;CAMK2N1;-0,54835;0,0012118
8820;HESX1;0,56829;0,00077184;;;79929;MAP6D1;-0,54711;0,0012942
9111;NMI;1,2166;0,0009594;;;6640;SNTA1;-0,54522;0,0012942
644;BLVRA;0,55808;0,00098555;;;6123;RPL3L;-0,53455;0,0017364
5687;PSMA6;0,6958;0,00098555;;;4209;MEF2D;-0,61739;0,0021095
8519;IFITM1;0,74606;0,00098555;;;23368;PPP1R13B;-0,52872;0,0021681
9133;CCNB2;0,5596;0,00099526;;;10782;ZNF274;-0,52224;0,002403
200315;APOBEC3A;0,55531;0,0010159;;;79600;TCTN1;-0,52149;0,0026036
10797;MTHFD2;0,55488;0,0010527;;;11043;MID2;-0,5178;0,0028052
3965;LGALS9;0,7252;0,0010527;;;57799;RAB40C;-0,51576;0,0028648
528;ATP6V1C1;0,56966;0,0011564;;;22927;HABP4;-0,5162;0,0029029
1154;CISH;0,54682;0,0012942;;;10155;TRIM28;-0,51025;0,003251
27348;TOR1B;0,57951;0,0014155;;;84148;KAT8;-0,50758;0,0033521
29071;C1GALT1C1;0,54357;0,0014297;;;5018;OXA1L;-0,50359;0,0040353
55500;ETNK1*;0,59583;0,0016595;;;112869;CCDC101;-0,50185;0,0041887
5311;PKD2;0,59716;0,0016685;;;51386;EIF3L;-1,2497;0,0045962
8743;TNFSF10;0,98939;0,0017274;;;56257;MEPCE;-0,76836;0,0046939
3217;HOXB7;0,53439;0,0017644;;;23645;PPP1R15A;-0,49304;0,0049034
54149;C21orf91;0,52608;0,0021681;;;2199;FBLN2;-0,71705;0,0049066
9997;SCO2;0,76247;0,0021681;;;1823;DSC1;-0,48437;0,0064256
4615;MYD88;0,52578;0,0022592;;;60314;C12orf10*;-0,4842;0,0064714
639;PRDM1;0,51841;0,0026752;;;1292;COL6A2;-0,4829;0,0065141
29088;MRPL15;0,52072;0,0026752;;;29928;TIMM22;-0,47886;0,0074949
9768;KIAA0101;0,74298;0,002877;;;23139;MAST2*;-0,47834;0,0074949
2787;GNG5;0,61446;0,0030579;;;23635;SSBP2*;-0,55986;0,0084442
51510;CHMP5;1,0857;0,0030579;;;3399;ID3;-0,54697;0,008649
834;CASP1;0,79206;0,0031828;;;1397;CRIP2;-0,49989;0,0088273
10549;PRDX4;0,66804;0,003946;;;5859;QARS;-0,97464;0,0095216
3431;SP110*;0,68844;0,0042837;;;9792;SERTAD2*;-0,52991;0,0099812
9833;MELK;0,62454;0,0045962;;;56967;C14orf132;-0,46558;0,010011
3939;LDHA;0,49749;0,0045996;;;2308;FOXO1;-0,46469;0,010011
29127;RACGAP1;0,50187;0,0047368;;;81857;MED25;-0,46321;0,0103
23380;SRGAP2;0,54636;0,0047368;;;10174;SORBS3;-0,48381;0,01039
7298;TYMS;0,65458;0,0047854;;;8664;EIF3D;-0,52939;0,010416
8638;OASL;0,86926;0,0057713;;;79960;PHF17;-0,78978;0,010425
51128;SAR1B;0,48598;0,006366;;;6175;RPLP0;-0,66898;0,010653
57149;LYRM1;0,48211;0,0070215;;;1938;EEF2;-1,2545;0,011092
865;CBFB;0,4795;0,0071718;;;4216;MAP3K4;-0,71043;0,011092
2633;GBP1*;0,92531;0,0074418;;;200205;IBA57;-0,6608;0,011092
3837;KPNB1;0,57343;0,0084442;;;23378;RRP8;-0,60907;0,011092
5685;PSMA4;0,75254;0,0086199;;;9057;SLC7A6;-0,4585;0,011092
54739;XAF1;1,2846;0,0088273;;;8795;TNFRSF10B;-0,45678;0,011092
7130;TNFAIP6;0,68652;0,0088811;;;26053;AUTS2;-0,45648;0,011092
66008;TRAK2;0,47165;0,0089447;;;517;ATP5G2;-0,45537;0,011092
91543;RSAD2;1,5279;0,0089778;;;2010;EMD;-0,5423;0,0114
3428;IFI16;1,0285;0,0096499;;;113791;PIK3IP1;-0,455;0,011429
5371;PML;0,6257;0,010011;;;2912;GRM2;-0,45384;0,011509
5965;RECQL;0,46254;0,01039;;;9644;SH3PXD2A;-0,46386;0,012304
51103;NDUFAF1;0,92787;0,01039;;;28990;ASTE1;-0,54391;0,012404
2040;STOM;0,46217;0,010416;;;64425;POLR1E;-0,52008;0,012674
1890;TYMP;0,51473;0,010416;;;6143;RPL19;-0,61337;0,013336
5683;PSMA2;0,4615;0,010653;;;91782;CHMP7;-0,44317;0,014022
983;CDK1;0,58371;0,010653;;;3337;DNAJB1;-0,44285;0,01416
6737;TRIM21;0,70353;0,010846;;;3757;KCNH2;-0,68615;0,014353
2745;GLRX;1,0269;0,011062;;;79894;ZNF672;-0,44135;0,014353
5359;PLSCR1;1,1396;0,011092;;;2002;ELK1;-0,44127;0,014356
7347;UCHL3;0,72002;0,011277;;;81565;NDEL1;-0,43965;0,015438
55884;WSB2;0,45546;0,0114;;;7048;TGFBR2;-0,43756;0,015706
55856;ACOT13;0,96127;0,011402;;;84364;ARFGAP2;-0,43834;0,015789
10410;IFITM3;0,77222;0,011509;;;154796;AMOT;-0,43712;0,01592
580;BARD1;0,45379;0,011687;;;55663;ZNF446;-0,52056;0,016627
7360;UGP2;0,45139;0,012304;;;6047;RNF4;-0,61652;0,017048
28998;MRPL13;0,48454;0,012304;;;7564;ZNF16;-0,43443;0,017176
5610;EIF2AK2;1,1514;0,012304;;;64847;SPATA20;-0,43254;0,017433
10952;SEC61B;0,44997;0,01267;;;9265;CYTH3;-0,43219;0,017611
9554;SEC22B;0,72849;0,012994;;;23207;PLEKHM2;-0,43165;0,017799
5917;RARS;0,44743;0,013083;;;6257;RXRB;-0,42999;0,018242
81790;RNF170;0,54765;0,013202;;;3067;HDC;-0,51831;0,018658
4582;MUC1;0,57209;0,013336;;;4828;NMB;-0,42826;0,018658
80231;CXorf21;0,47971;0,013388;;;10235;RASGRP2;-0,42672;0,019358
55072;RNF31;0,51102;0,014022;;;4204;MECP2;-0,42547;0,019358
857;CAV1;0,4984;0,014277;;;7311;UBA52;-0,64875;0,019791
56650;CLDND1*;0,51511;0,015438;;;55850;USE1;-0,42336;0,020226
23424;TDRD7;0,98181;0,015469;;;10913;EDAR;-0,42339;0,020671
92140;MTDH;0,43834;0,015706;;;1376;CPT2;-0,55344;0,020685
9738;CCP110;0,47503;0,015706;;;4054;LTBP3;-0,42161;0,020685
3430;IFI35;1,0744;0,015706;;;11331;PHB2;-0,62883;0,021072
51659;GINS2;0,43516;0,016569;;;55658;RNF126;-0,55024;0,021217
9200;PTPLA;0,4338;0,017186;;;10162;LPCAT3;-0,64047;0,021399
307;ANXA4;0,52776;0,017417;;;5589;PRKCSH;-0,54736;0,021399
55858;TMEM165;0,61539;0,017611;;;1285;COL4A3;-0,46619;0,021657
5898;RALA;0,72214;0,017738;;;79891;ZNF671;-0,70786;0,021784
1737;DLAT;0,43081;0,018242;;;1198;CLK3;-0,41913;0,021784
7444;VRK2;0,57455;0,018242;;;90956;ADCK2;-0,47493;0,022115
10538;BATF;0,70124;0,018278;;;9274;BCL7C;-0,41807;0,022115
4729;NDUFV2*;0,5244;0,018428;;;7482;WNT2B;-0,4172;0,022115
23412;COMMD3;0,42997;0,01848;;;8722;CTSF*;-0,41713;0,022115
3717;JAK2;0,49765;0,018632;;;54471;SMCR7L;-0,41706;0,022115
9517;SPTLC2;0,61117;0,018894;;;56948;SDR39U1;-0,41551;0,022663
27074;LAMP3;0,8814;0,018894;;;8667;EIF3H;-0,41644;0,022714
3434;IFIT1;1,3159;0,018894;;;11253;MAN1B1;-0,41623;0,02273
7353;UFD1L;0,43101;0,019358;;;32;ACACB;-0,41625;0,022847
8726;EED*;0,4257;0,019779;;;392;ARHGAP1;-0,53117;0,022873
27071;DAPP1;0,42405;0,019791;;;81605;URM1;-0,56471;0,023036
5427;POLE2;0,42414;0,02021;;;9462;RASAL2;-0,41494;0,023036
23167;EFR3A;0,42268;0,020226;;;374868;ATP9B;-0,41501;0,02315
3005;H1F0;0,42299;0,020671;;;26505;CNNM3;-0,41463;0,023495
10144;FAM13A;0,53803;0,021881;;;9902;MRC2;-0,41461;0,023495
8318;CDC45;0,66514;0,021881;;;54606;DDX56;-0,41364;0,023495
10476;ATP5H;0,41667;0,022115;;;27244;SESN1;-0,41242;0,023626
9562;MINPP1;0,44249;0,022115;;;8480;RAE1;-0,63311;0,023682
27236;ARFIP1;0,4875;0,022115;;;2205;FCER1A;-0,41108;0,02412
6119;RPA3;0,49494;0,022797;;;5792;PTPRF;-0,41025;0,024527
57415;C3orf14;0,45504;0,022873;;;51035;UBXN1*;-0,40922;0,025356
2060;EPS15;0,41356;0,02315;;;55624;POMGNT1*;-0,40757;0,025873
64960;MRPS15;0,41413;0,02315;;;8396;PIP4K2B;-0,40755;0,025873
23049;SMG1;0,44704;0,02315;;;3766;KCNJ10;-0,40717;0,025911
969;CD69;0,41252;0,023495;;;6167;RPL37;-0,40666;0,02718
466;ATF1;0,41355;0,023507;;;10608;MXD4;-0,87382;0,027188
10643;IGF2BP3;0,41048;0,02412;;;11319;ECD;-0,53314;0,027188
64976;MRPL40;0,41095;0,024467;;;54476;RNF216;-0,64109;0,027503
25996;REXO2;0,40945;0,024527;;;5264;PHYH;-0,45509;0,027503
991;CDC20;0,48436;0,024527;;;55644;OSGEP;-0,40485;0,027503
64859;OBFC2A;0,40837;0,025356;;;4306;NR3C2;-0,40359;0,027503
1349;COX7B;0,53613;0,025534;;;376412;RNF126P1;-0,40343;0,027503
355;FAS;0,40862;0,025972;;;9409;PEX16;-0,40202;0,028114
9039;UBA3;0,64794;0,026147;;;6132;RPL8;-0,67535;0,02831
3161;HMMR;0,60602;0,027188;;;29997;GLTSCR2;-0,99384;0,028567
29929;ALG6;0,40466;0,027217;;;6638;SNRPN;-0,57438;0,028883
51501;C11orf73;0,40471;0,027503;;;6137;RPL13;-0,61938;0,029926
9787;DLGAP5*;0,60782;0,028015;;;2879;GPX4;-0,39896;0,029926
5701;PSMC2;0,55002;0,028042;;;4756;NEO1*;-0,39779;0,030415
23179;RGL1;0,43071;0,028177;;;5243;ABCB1*;-0,46432;0,030643
55355;HJURP*;0,40195;0,028842;;;79414;LRFN3;-0,39737;0,030849
10561;IFI44;1,4503;0,028842;;;56006;SMG9*;-0,41327;0,031471
80145;THOC7;0,40142;0,028883;;;259197;NCR3;-0,55047;0,032159
3429;IFI27;1,368;0,029354;;;55090;MED9;-0,43254;0,033892
9403;SEP15;0,39947;0,029926;;;158586;ZXDB;-0,39158;0,0342
3396;ICT1;0,39967;0,029926;;;6138;RPL15;-0,87882;0,034227
56942;CMC2*;0,49557;0,030409;;;910;CD1B;-0,39252;0,034499
55288;RHOT1;0,65428;0,030849;;;80194;TMEM134*;-0,39066;0,034771
10745;PHTF1;0,39696;0,031471;;;81890;QTRT1*;-0,42197;0,034812
54969;C4orf27;0,41743;0,031471;;;3783;KCNN4;-0,39182;0,034812
7083;TK1;0,57659;0,031471;;;1911;PHC1;-0,39094;0,035382
7272;TTK*;0,39617;0,031574;;;6122;RPL3;-0,6324;0,035656
9636;ISG15;1,4848;0,032159;;;27315;PGAP2;-0,3885;0,03601
51065;RPS27L;0,53939;0,033309;;;6161;RPL32;-0,52637;0,036327
4600;MX2;1,1732;0,033892;;;151;ADRA2B;-0,38732;0,036327
55312;RFK;0,39257;0,034147;;;3784;KCNQ1;-0,78183;0,036396
51022;GLRX2;0,39199;0,0342;;;6136;RPL12;-0,52171;0,036396
6614;SIGLEC1;0,73463;0,0342;;;10273;STUB1;-0,41723;0,036396
7357;UGCG;0,39325;0,034227;;;7170;TPM3;-0,38813;0,036396
261726;TIPRL;0,66364;0,034499;;;170679;PSORS1C1;-0,38686;0,036396
965;CD58;0,39209;0,034676;;;6494;SIPA1;-0,38676;0,036396
4706;NDUFAB1;0,38983;0,034812;;;10399;GNB2L1;-0,79788;0,036414
699;BUB1;0,38994;0,034812;;;23521;RPL13A;-0,58672;0,036914
10964;IFI44L;1,4956;0,035382;;;6147;RPL23A;-0,5045;0,036914
7205;TRIP6;0,57312;0,036327;;;57645;POGK;-0,38637;0,037272
26225;ARL5A;0,6123;0,036327;;;10998;SLC27A5*;-0,38555;0,03789
8674;VAMP4*;0,38743;0,036396;;;171023;ASXL1;-0,41972;0,038253
3640;INSL3;0,38713;0,03686;;;8662;EIF3B;-0,38395;0,038253
2287;FKBP3;0,50728;0,036914;;;27316;RBMX;-0,38351;0,038253
1486;CTBS;0,38646;0,037343;;;10994;ILVBL;-0,38336;0,038253
53;ACP2*;0,3851;0,037785;;;1571;CYP2E1*;-0,45038;0,038907
23071;ERP44;0,38472;0,03789;;;54859;C3orf75*;-0,38026;0,04026
80267;EDEM3;0,38374;0,038253;;;10025;MED16;-0,37939;0,040831
8763;CD164;0,38297;0,038339;;;56941;C3orf37;-0,52135;0,040917
3601;IL15RA;0,5685;0,038814;;;7805;LAPTM5*;-0,42491;0,042545
11274;USP18;1,2268;0,038907;;;60343;FAM3A;-0,37689;0,042598
51290;ERGIC2;0,56222;0,039297;;;79090;TRAPPC6A;-0,3773;0,042862
10987;COPS5;0,64643;0,039382;;;6276;S100A5;-0,37661;0,042934
6772;STAT1*;1,1039;0,039382;;;23677;SH3BP4*;-0,37686;0,043421
8624;PSMG1;0,38157;0,04026;;;3875;KRT18;-0,38558;0,044101
1058;CENPA*;0,46326;0,04026;;;1660;DHX9;-0,37597;0,044197
11065;UBE2C;0,50546;0,04026;;;54509;RHOF;-0,38325;0,044442
79019;CENPM;0,37965;0,040748;;;23547;LILRA4;-0,37479;0,04467
58472;SQRDL;0,56267;0,041035;;;8666;EIF3G;-0,37446;0,044754
23512;SUZ12;0,3795;0,04111;;;53827;FXYD5;-0,47458;0,044961
4697;NDUFA4*;0,39418;0,041161;;;10233;LRRC23;-0,37372;0,044961
6788;STK3;0,37739;0,042574;;;6468;FBXW4;-0,58682;0,045451
55969;C20orf24;0,51627;0,04268;;;10803;CCR9;-0,37449;0,045451
10589;DRAP1*;0,68437;0,042862;;;6124;RPL4*;-0,74933;0,045519
11262;SP140;0,51147;0,043151;;;1939;EIF2D;-0,55635;0,04559
28985;MCTS1*;0,37716;0,043736;;;22955;SCMH1;-0,4452;0,045934
6745;SSR1*;0,37545;0,044101;;;2194;FASN;-0,5271;0,046327
25994;HIGD1A;0,37556;0,044101;;;83451;ABHD11;-0,37216;0,04655
27032;ATP2C1*;0,37319;0,045519;;;4736;RPL10A;-0,70687;0,047682
9381;OTOF*;0,7397;0,04559;;;2273;FHL1*;-0,37072;0,047682
10213;PSMD14*;0,49929;0,045934;;;6188;RPS3;-0,65564;0,048181
10616;RBCK1*;0,43791;0,046788;;;81887;LAS1L;-0,40832;0,048352
9978;RBX1;0,85211;0,046788;;;55274;PHF10;-0,42449;0,048894
1033;CDKN3;0,44296;0,047057;;;;;;
830;CAPZA2;0,37058;0,047791;;;;;;
51121;RPL26L1;0,37833;0,047791;;;;;;
51203;NUSAP1;0,74427;0,04796;;;;;;
19;ABCA1;0,54001;0,048352;;;;;;
55863;TMEM126B;0,54929;0,048352;;;;;;
6732;SRPK1;0,65609;0,048352;;;;;;
3665;IRF7;1,1678;0,048352;;;;;;
