direction	go_id	term	n_genes	p_value	genes
up	GO:0000278	mitotic cell cycle (BP)	19	7.37023e-12	CDC20 CENPM PSMA2 PSMA6 CDC45 PSMC2 BUB1 AURKB CDK1 POLE2 CCP110 CCNA2 RPA3 GINS2 TYMS CCNB2 PSMB9 UBE2C PSMA4
up	GO:0019221	cytokine-mediated signaling pathway (BP)	15	2.31745e-11	MX2 USP18 IFITM3 OASL IL15RA IFI35 ISG15 IFI27 JAK2 XAF1 MYD88 PML IRF7 IFIT1 IFITM1
up	GO:0009615	response to virus (BP)	14	2.59526e-11	PSMA2 EIF2AK2 MX2 IFI44L IFITM3 IFI44 IFI35 ISG15 IFI16 MYD88 PML IRF7 IFIT1 IFITM1
up	GO:0060337	type I interferon-mediated signaling pathway (BP)	11	6.58749e-11	MX2 USP18 IFITM3 OASL IFI35 ISG15 IFI27 XAF1 IRF7 IFIT1 IFITM1
up	GO:0044419	interspecies interaction between organisms (BP)	14	2.89486e-07	KPNB1 PSMC2 EIF2AK2 RALA BUB1 CAV1 RBX1 ISG15 VRK2 PSMB9 SRPK1 PML IRF7 PSMA4
up	GO:0000075	cell cycle checkpoint (BP)	11	2.18309e-08	CDC20 PSMA2 PSMA6 CDC45 PSMC2 CDK1 RPA3 CCNB2 PSMB9 UBE2C PSMA4
up	GO:0031145	anaphase-promoting complex-dependent proteasomal ubiquitin-dependent protein catabolic process (BP)	9	5.61455e-08	CDC20 PSMA2 PSMA6 PSMC2 AURKB CDK1 PSMB9 UBE2C PSMA4
up	GO:0000082	G1/S transition of mitotic cell cycle (BP)	11	5.5849e-08	PSMA2 PSMA6 CDC45 PSMC2 CDK1 POLE2 CDKN3 RPA3 TYMS PSMB9 PSMA4
up	GO:0006915	apoptotic process (BP)	20	1.81269e-08	KPNB1 PSMA2 PSMA6 PSMC2 PLSCR1 BUB1 CDK1 H1F0 RHOT1 BRCA1 FAS GLRX2 TNFSF10 STK3 MELK PSMB9 JAK2 XAF1 CASP1 PSMA4
up	GO:0051437	positive regulation of ubiquitin-protein ligase activity involved in mitotic cell cycle (BP)	8	3.41361e-07	CDC20 PSMA2 PSMA6 PSMC2 CDK1 PSMB9 UBE2C PSMA4
up	GO:0051439	regulation of ubiquitin-protein ligase activity involved in mitotic cell cycle (BP)	8	4.90462e-07	CDC20 PSMA2 PSMA6 PSMC2 CDK1 PSMB9 UBE2C PSMA4
up	GO:0000216	M/G1 transition of mitotic cell cycle (BP)	8	6.24e-07	PSMA2 PSMA6 CDC45 PSMC2 POLE2 RPA3 PSMB9 PSMA4
up	GO:0000084	S phase of mitotic cell cycle (BP)	9	6.1069e-07	PSMA2 PSMA6 CDC45 PSMC2 POLE2 RPA3 GINS2 PSMB9 PSMA4
up	GO:0006260	DNA replication (BP)	11	7.18968e-08	CDC45 RECQL CDK1 TK1 POLE2 TMX1 BRCA1 RPA3 TYMP GINS2 TYMS
up	GO:0051436	negative regulation of ubiquitin-protein ligase activity involved in mitotic cell cycle (BP)	7	3.2675e-06	CDC20 PSMA2 PSMA6 PSMC2 PSMB9 UBE2C PSMA4
up	GO:0045087	innate immune response (BP)	14	1.4846e-07	CDK1 IFITM3 AIM2 APOBEC3A DDX58 ISG15 ATF1 CAPZA2 JAK2 CASP1 SRPK1 MYD88 IRF7 IFITM1
up	GO:0000209	protein polyubiquitination (BP)	8	7.6872e-05	PSMA2 PSMA6 PSMC2 TRIM21 PSMB9 PSMA4 RNF31
up	GO:0006977	DNA damage response, signal transduction by p53 class mediator resulting in cell cycle arrest (BP)	6	6.75274e-05	PSMA2 PSMA6 PSMC2 PSMB9 PML PSMA4
up	GO:0006511	ubiquitin-dependent protein catabolic process (BP)	8	7.01123e-05	PSMA2 PSMA6 PSMC2 UFD1L USP18 UCHL3 UBE2C PSMA4
up	GO:0007049	cell cycle (BP)	11	0.000790057	CDC20 RACGAP1 RALA AURKB CDK1 BRCA1 CDKN3 OIP5 MELK NUSAP1 UBE2C
up	GO:0006521	regulation of cellular amino acid metabolic process (BP)	5	0.000278091	PSMA2 PSMA6 PSMC2 PSMB9 PSMA4
up	GO:0006281	DNA repair (BP)	11	2.46729e-05	RECQL BARD1 OBFC2A CDK1 SMG1 POLE2 BRCA1 RPA3 RBX1 TYMS RPS27L
up	GO:0002474	antigen processing and presentation of peptide antigen via MHC class I (BP)	6	0.000405208	PSMA2 PSMA6 SAR1B PSMC2 PSMB9 PSMA4
up	GO:0045071	negative regulation of viral genome replication (BP)	4	6.25415e-05	PLSCR1 APOBEC3A SRPK1 IFIT1
up	GO:0043123	positive regulation of I-kappaB kinase/NF-kappaB cascade (BP)	6	0.00287456	TNFSF10 MTDH CASP1 MYD88 LGALS9 RNF31
up	GO:0007165	signal transduction (BP)	20	0.000253606	RACGAP1 DAPP1 RALA SRGAP2 CD164 TNFAIP6 TMX1 FAS IL15RA PTPLA TNFSF10 STK3 RGL1 JAK2 CASP1 MYD88 LGALS9 GNG5 FAM13A ANXA4
up	GO:0042981	regulation of apoptotic process (BP)	8	0.00051578	PSMA2 PSMA6 PSMC2 BRCA1 FAS PSMB9 CASP1 PSMA4
up	GO:0022904	respiratory electron transport chain (BP)	4	0.0131757	SCO2 ATP5H NDUFAB1 COX7B
up	GO:0051603	proteolysis involved in cellular protein catabolic process (BP)	4	0.000398324	PSMA2 PSMA6 PSMB9 PSMA4
up	GO:0000087	M phase of mitotic cell cycle (BP)	4	0.0171596	CDC20 CENPM BUB1 AURKB
up	GO:0007094	mitotic cell cycle spindle assembly checkpoint (BP)	3	0.00747137	CDC20 BUB1 UBE2C
up	GO:0016071	mRNA metabolic process (BP)	7	0.00428866	PSMA2 PSMA6 PSMC2 SMG1 RPL26L1 PSMB9 PSMA4
up	GO:0006412	translation (BP)	8	0.00146408	EIF2AK2 MRPL13 COPS5 MRPL15 RPL26L1 RPS27L IGF2BP3 MRPS15
up	GO:0008283	cell proliferation (BP)	8	0.00534539	BUB1 AURKB TMX1 IL15RA EPS15 MELK LAMP3 IFI16
up	GO:0060333	interferon-gamma-mediated signaling pathway (BP)	4	0.0115038	OASL JAK2 PML IRF7
up	GO:0030099	myeloid cell differentiation (BP)	3	0.00290554	HOXB7 IFI16 PML
up	GO:0000236	mitotic prometaphase (BP)	4	0.0129666	CDC20 CENPM BUB1 AURKB
up	GO:0016070	RNA metabolic process (BP)	7	0.00740177	PSMA2 PSMA6 PSMC2 SMG1 RPL26L1 PSMB9 PSMA4
up	GO:0016032	viral reproduction (BP)	8	0.00650758	KPNB1 PSMA2 PSMA6 PSMC2 RBX1 RPL26L1 PSMB9 PSMA4
up	GO:0000083	regulation of transcription involved in G1/S phase of mitotic cell cycle (BP)	3	0.00368151	CDC45 CDK1 TYMS
up	GO:0051092	positive regulation of NF-kappaB transcription factor activity (BP)	4	0.0154413	PSMA6 MTDH MYD88 RNF31
up	GO:0008285	negative regulation of cell proliferation (BP)	9	0.00285149	EIF2AK2 CD164 CAV1 CDKN3 INSL3 STK3 JAK2 PML IFITM1
up	GO:0042771	DNA damage response, signal transduction by p53 class mediator resulting in induction of apoptosis (BP)	3	0.00374311	RPS27L IFI16 PML
up	GO:0046777	protein autophosphorylation (BP)	6	0.00377885	EIF2AK2 AURKB SMG1 VRK2 MELK JAK2
up	GO:0045454	cell redox homeostasis (BP)	4	0.00435627	GLRX ERP44 TMX1 GLRX2
up	GO:0051301	cell division (BP)	8	0.00366677	CDC20 BUB1 CDK1 CCNA2 OIP5 NUSAP1 CCNB2 UBE2C
up	GO:0006206	pyrimidine base metabolic process (BP)	3	0.00489385	TK1 TYMP TYMS
up	GO:0006461	protein complex assembly (BP)	5	0.00570443	NDUFAF1 CDK1 FAS CAPZA2 PML
up	GO:0050727	regulation of inflammatory response (BP)	3	0.00651923	PKD2 JAK2 NMI
up	GO:0007259	JAK-STAT cascade (BP)	3	0.00651923	PSMA6 JAK2 MYD88
up	GO:0006139	nucleobase-containing compound metabolic process (BP)	4	0.00641136	TK1 REXO2 TYMS SRBD1
up	GO:0007264	small GTPase mediated signal transduction (BP)	8	0.00534539	RACGAP1 RALA SRGAP2 CDK1 RHOT1 ARL5A RGL1 FAM13A
up	GO:0043065	positive regulation of apoptotic process (BP)	5	0.0243512	BARD1 FAS STK3 MELK JAK2
up	GO:0000086	G2/M transition of mitotic cell cycle (BP)	5	0.00657781	CDK1 CCP110 CCNA2 MELK CCNB2
up	GO:0006271	DNA strand elongation involved in DNA replication (BP)	3	0.00747137	CDC45 RPA3 GINS2
up	GO:0008633	activation of pro-apoptotic gene products (BP)	3	0.00821878	FAS TNFSF10 IFI27
up	GO:0034142	toll-like receptor 4 signaling pathway (BP)	4	0.00885876	CDK1 ATF1 MYD88 IRF7
up	GO:0006974	response to DNA damage stimulus (BP)	4	0.0281106	BARD1 OBFC2A BRCA1 RPS27L
up	GO:0055086	nucleobase-containing small molecule metabolic process (BP)	4	0.00915351	TK1 GLRX TYMP TYMS
up	GO:0008063	Toll signaling pathway (BP)	4	0.00935479	CDK1 ATF1 MYD88 IRF7
up	GO:0034641	cellular nitrogen compound metabolic process (BP)	5	0.0357001	PSMA2 PSMA6 PSMC2 PSMB9 PSMA4
up	GO:0000724	double-strand break repair via homologous recombination (BP)	3	0.0135597	OBFC2A BRCA1 RPA3
up	GO:0022900	electron transport chain (BP)	3	0.0152292	GLRX TMX1 GLRX2
up	GO:0006955	immune response (BP)	8	0.0130814	CD164 IFI44L IFITM3 AIM2 OASL FAS IFI35 TNFSF10
up	GO:0016567	protein ubiquitination (BP)	5	0.015411	BARD1 TRIM21 BRCA1 RBX1 UBE2C
up	GO:0051607	defense response to virus (BP)	3	0.0215554	PLSCR1 RSAD2 APOBEC3A
up	GO:0071260	cellular response to mechanical stimulus (BP)	3	0.0230963	FAS CASP1 MYD88
up	GO:0006986	response to unfolded protein (BP)	3	0.0230963	EDEM3 ERP44 TOR1B
up	GO:0010628	positive regulation of gene expression (BP)	4	0.0224889	PKD2 PLSCR1 CDK1 PRDM1
up	GO:0000122	negative regulation of transcription from RNA polymerase II promoter (BP)	7	0.037426	AURKB PRDM1 CAV1 SUZ12 MTDH SAP30 IRF7
up	GO:0051056	regulation of small GTPase mediated signal transduction (BP)	5	0.0224491	RACGAP1 SRGAP2 RHOT1 RGL1 FAM13A
up	GO:0008624	induction of apoptosis by extracellular signals (BP)	4	0.0230332	CAV1 FAS TNFSF10 IFI27
up	GO:0034097	response to cytokine stimulus (BP)	3	0.0350778	TRAFD1 FAS PML
up	GO:0043627	response to estrogen stimulus (BP)	3	0.0353139	CAV1 BRCA1 FAS
up	GO:0034138	toll-like receptor 3 signaling pathway (BP)	3	0.0353139	CDK1 ATF1 IRF7
up	GO:0030097	hemopoiesis (BP)	3	0.0365618	CD164 MELK IFI16
up	GO:0000079	regulation of cyclin-dependent protein kinase activity (BP)	3	0.0271283	CDKN3 CCNA2 CCNB2
up	GO:0002756	MyD88-independent toll-like receptor signaling pathway (BP)	3	0.0278601	CDK1 ATF1 IRF7
up	GO:0000910	cytokinesis (BP)	3	0.0282524	RACGAP1 RALA AURKB
up	GO:0006916	anti-apoptosis (BP)	5	0.0357001	CDK1 TMX1 FAS MYD88 ANXA4
up	GO:0034134	toll-like receptor 2 signaling pathway (BP)	3	0.0310052	CDK1 ATF1 MYD88
up	GO:0034130	toll-like receptor 1 signaling pathway (BP)	3	0.0310052	CDK1 ATF1 MYD88
up	GO:0007067	mitosis (BP)	5	0.0291178	CDK1 CCNA2 OIP5 CCNB2 UBE2C
up	GO:0007265	Ras protein signal transduction (BP)	3	0.0318592	RALA CDK1 CCNA2
up	GO:0002755	MyD88-dependent toll-like receptor signaling pathway (BP)	3	0.0353255	CDK1 ATF1 MYD88
up	GO:0002224	toll-like receptor signaling pathway (BP)	3	0.0362223	CDK1 ATF1 MYD88
up	GO:0006468	protein phosphorylation (BP)	7	0.0310244	EIF2AK2 BUB1 CDK1 STK3 VRK2 JAK2 SRPK1
up	GO:0030154	cell differentiation (BP)	8	0.0372658	CDC20 RACGAP1 C1GALT1 TYMP GLRX2 VAMP5 JAK2 SRPK1
up	GO:0051384	response to glucocorticoid stimulus	3	0.0417063	CAV1 FAS TYMS
up	GO:0006310	DNA recombination (BP)	3	0.0435702	RECQL BRCA1 RPA3
up	GO:0018279	protein N-linked glycosylation via asparagine (BP)	3	0.0447288	SAR1B EDEM3 ALG6
up	GO:0006200	ATP catabolic process (BP)	3	0.0462383	PSMC2 ATP5H ATP6V1C1
up	GO:0006950	response to stress (BP)	4	0.0467318	SMG1 ERP44 TMX1 HIGD1A
up	GO:0019058	viral infectious cycle (BP)	3	0.0497334	KPNB1 EIF2AK2 RPL26L1
down	GO:0010467	gene expression (BP)	35	3.11472e-29	RPL3L RPL12 RPL3 EIF4B TRIM28 EEF2 EIF3B RPL32 RPL19 PCBP2 RPL15 RPL37 RPL13 PRPF8 RBMX UBA52 HNRNPA0 RPS4X EIF3G QARS MED25 DHX9 EIF3F RPL13A MED16 RPLP0 RXRB EIF3H RPL8 RPS3 RPL29 NR3C2 RPL23A RPL10A EIF3D
down	GO:0044267	cellular protein metabolic process (BP)	26	3.60839e-22	RPL3L RPL12 RPL3 EIF4B MAN1B1 EEF2 EIF3B RPL32 RPL19 RPL15 RPL37 RPL13 UBA52 RPS4X EIF3G PRKCSH EIF3F RPL13A RPLP0 EIF3H RPL8 RPS3 RPL29 RPL23A RPL10A EIF3D
down	GO:0006414	translational elongation (BP)	18	2.07249e-21	RPL3L RPL12 RPL3 EEF2 RPL32 RPL19 RPL15 RPL37 RPL13 UBA52 RPS4X RPL13A RPLP0 RPL8 RPS3 RPL29 RPL23A RPL10A
down	GO:0006412	translation (BP)	24	2.15024e-21	RPL3L RPL12 RPL3 EIF4B EEF2 EIF3B RPL32 RPL19 RPL15 RPL37 RPL13 UBA52 RPS4X EIF3G EIF3F RPL13A RPLP0 EIF3H RPL8 RPS3 RPL29 RPL23A RPL10A EIF3D
down	GO:0019083	viral transcription (BP)	17	1.13428e-20	RPL3L RPL12 RPL3 RPL32 RPL19 RPL15 RPL37 RPL13 UBA52 RPS4X RPL13A RPLP0 RPL8 RPS3 RPL29 RPL23A RPL10A
down	GO:0006415	translational termination (BP)	17	2.8213e-16	RPL3L RPL12 RPL3 RPL32 RPL19 RPL15 RPL37 RPL13 UBA52 RPS4X RPL13A RPLP0 RPL8 RPS3 RPL29 RPL23A RPL10A
down	GO:0019058	viral infectious cycle (BP)	17	5.51655e-20	RPL3L RPL12 RPL3 RPL32 RPL19 RPL15 RPL37 RPL13 UBA52 RPS4X RPL13A RPLP0 RPL8 RPS3 RPL29 RPL23A RPL10A
down	GO:0031018	endocrine pancreas development (BP)	18	2.24e-19	RPL3L RPL12 RPL3 RPL32 RPL19 RPL15 RPL37 RPL13 UBA52 FOXO1 RPS4X RPL13A RPLP0 RPL8 RPS3 RPL29 RPL23A RPL10A
down	GO:0016071	mRNA metabolic process (BP)	19	7.19e-16	RPL3L RPL12 RPL3 EIF4B RPL32 RPL19 PCBP2 RPL15 RPL37 RPL13 UBA52 RPS4X RPL13A RPLP0 RPL8 RPS3 RPL29 RPL23A RPL10A
down	GO:0016070	RNA metabolic process (BP)	18	1.4e-13	RPL3L RPL12 RPL3 EIF4B RPL32 RPL19 RPL15 RPL37 RPL13 UBA52 RPS4X RPL13A RPLP0 RPL8 RPS3 RPL29 RPL23A RPL10A
down	GO:0016032	viral reproduction (BP)	20	6.30059e-14	RPL3L RPL12 RPL3 RPL32 RPL19 RPL15 RPL37 RPL13 UBA52 ZNF274 RPS4X RPL13A ZNF446 RPLP0 RAE1 RPL8 RPS3 RPL29 RPL23A RPL10A
down	GO:0006413	translational initiation (BP)	9	3.58e-11	EIF2D EIF4B EIF3B EIF3G EIF3F EIF3H EIF3L RPS3 EIF3D
down	GO:0043161	proteasomal ubiquitin-dependent protein catabolic process (BP)	4	0.0061631	RNF4 PCBP2 STUB1 RNF216
down	GO:0006936	muscle contraction (BP)	6	0.000527619	KCNQ1 KCNH2 SNTA1 SORBS3 EMD TPM3
down	GO:0006355	regulation of transcription, DNA-dependent (BP)	22	0.00167646	PHF10 RNF4 ZNF671 ASXL1 KAT8 ZXDB ECD CCDC101 POGK RRP8 ZNF274 MEF2D KCNH2 HABP4 ZNF250 PHF17 MED25 SCMH1 RXRB ZNF672 ZNF16 NR3C2
down	GO:0006446	regulation of translational initiation (BP)	3	0.0112447	EIF4B EIF3B EIF3H
down	GO:0030308	negative regulation of cell growth (BP)	3	0.0175587	SIPA1 GNB2L1 PHF17
down	GO:0051056	regulation of small GTPase mediated signal transduction (BP)	6	0.0109564	SIPA1 RASGRP2 RHOF ARHGAP32 ARHGAP1 RASAL2
down	GO:0007275	multicellular organismal development (BP)	13	0.0382241	TCTN1 POGK MEF2D RPS4X GPX4 GNB2L1 EDAR WNT2B FBXW4 ID3 SCMH1 SPATA20 PHC1
down	GO:0006915	apoptotic process (BP)	10	0.0339049	PPP1R15A UBA52 MEF2D EDAR TGFBR2 PPP1R13B BCL7C PHF17 RNF216 TNFRSF10B
down	GO:0000398	nuclear mRNA splicing, via spliceosome (BP)	5	0.0499406	PCBP2 PRPF8 RBMX HNRNPA0 DHX9
